Time,dun_laoghaire_peoples_park_total,dun_laoghaire_peoples_park_in,dun_laoghaire_peoples_park_out,dun_laoghaire_seapoint_beach_total,dun_laoghaire_seapoint_beach_in,dun_laoghaire_seapoint_beach_out,dun_laoghaire_york_road_total,dun_laoghaire_york_road_in,dun_laoghaire_york_road_out,glenageary_total,glenageary_in,glenageary_out,n11_totem_inbound_total,n11_totem_inbound_in,n11_totem_inbound_out,rock_road_park_total,rock_road_park_in,rock_road_park_out,wyattville_road_bicycles_towards_n11_total,wyattville_road_bicycles_towards_n11_in,wyattville_road_bicycles_towards_n11_out,wyattville_road_park_gates_total,wyattville_road_park_gates_in,wyattville_road_park_gates_out,wyattville_road_steps_total,wyattville_road_steps_in,wyattville_road_steps_out
01/01/2026 00:00,5,3,2,3,1,2,,,,4,2,2,,,,5,2,3,,,,23,9,14,,,
01/01/2026 01:00,22,10,12,5,1,4,,,,0,0,0,,,,0,0,0,,,,21,8,13,,,
01/01/2026 02:00,6,3,3,1,0,1,,,,0,0,0,,,,0,0,0,,,,11,6,5,,,
01/01/2026 03:00,1,0,1,2,2,0,,,,0,0,0,,,,0,0,0,,,,5,4,1,,,
01/01/2026 04:00,3,1,2,0,0,0,,,,0,0,0,,,,0,0,0,,,,9,4,5,,,
01/01/2026 05:00,3,1,2,0,0,0,,,,1,1,0,,,,1,0,1,,,,4,3,1,,,
01/01/2026 06:00,2,1,1,2,2,0,,,,0,0,0,,,,5,2,3,,,,5,5,0,,,
01/01/2026 07:00,16,9,7,10,6,4,,,,1,0,1,,,,6,3,3,,,,8,2,6,,,
01/01/2026 08:00,59,28,31,15,5,10,,,,10,5,5,,,,8,6,2,,,,7,4,3,,,
01/01/2026 09:00,122,35,87,43,27,16,,,,20,11,9,,,,53,34,19,,,,18,10,8,,,
01/01/2026 10:00,197,62,135,41,22,19,,,,25,14,11,,,,68,42,26,,,,25,15,10,,,
01/01/2026 11:00,326,104,222,82,46,36,,,,44,26,18,,,,92,59,33,,,,42,18,24,,,
01/01/2026 12:00,399,190,209,95,53,42,,,,37,26,11,,,,136,78,58,,,,27,12,15,,,
01/01/2026 13:00,575,317,258,105,51,54,,,,60,33,27,,,,163,88,75,,,,47,22,25,,,
01/01/2026 14:00,603,321,282,138,75,63,,,,57,20,37,,,,136,94,42,,,,46,19,27,,,
01/01/2026 15:00,629,314,315,83,41,42,,,,50,26,24,,,,132,76,56,,,,47,24,23,,,
01/01/2026 16:00,419,211,208,72,29,43,,,,34,13,21,,,,111,46,65,,,,33,18,15,,,
01/01/2026 17:00,205,105,100,56,24,32,,,,10,5,5,,,,29,10,19,,,,40,12,28,,,
01/01/2026 18:00,80,49,31,18,11,7,,,,7,4,3,,,,29,15,14,,,,29,13,16,,,
01/01/2026 19:00,63,30,33,25,11,14,,,,5,5,0,,,,16,10,6,,,,30,16,14,,,
01/01/2026 20:00,47,23,24,15,5,10,,,,6,3,3,,,,17,8,9,,,,14,6,8,,,
01/01/2026 21:00,19,6,13,12,6,6,,,,9,5,4,,,,2,1,1,,,,14,7,7,,,
01/01/2026 22:00,10,7,3,2,2,0,,,,4,3,1,,,,1,0,1,,,,10,9,1,,,
01/01/2026 23:00,5,3,2,9,4,5,,,,0,0,0,,,,0,0,0,,,,4,2,2,,,
02/01/2026 00:00,0,0,0,0,0,0,,,,0,0,0,,,,0,0,0,,,,7,5,2,,,
02/01/2026 01:00,0,0,0,0,0,0,,,,0,0,0,,,,0,0,0,,,,2,1,1,,,
02/01/2026 02:00,0,0,0,0,0,0,,,,0,0,0,,,,0,0,0,,,,0,0,0,,,
02/01/2026 03:00,1,1,0,0,0,0,,,,0,0,0,,,,0,0,0,,,,1,0,1,,,
02/01/2026 04:00,1,0,1,0,0,0,,,,0,0,0,,,,0,0,0,,,,2,2,0,,,
02/01/2026 05:00,2,2,0,1,1,0,,,,2,1,1,,,,1,1,0,,,,1,0,1,,,
02/01/2026 06:00,10,3,7,5,3,2,,,,0,0,0,,,,4,1,3,,,,12,4,8,,,
02/01/2026 07:00,39,22,17,12,4,8,,,,4,1,3,,,,15,10,5,,,,10,3,7,,,
02/01/2026 08:00,63,28,35,12,6,6,,,,15,11,4,,,,29,14,15,,,,17,6,11,,,
02/01/2026 09:00,81,39,42,28,17,11,,,,19,9,10,,,,46,31,15,,,,12,5,7,,,
02/01/2026 10:00,184,104,80,47,22,25,,,,20,8,12,,,,79,44,35,,,,19,7,12,,,
02/01/2026 11:00,267,143,124,70,38,32,,,,20,9,11,,,,97,54,43,,,,32,17,15,,,
02/01/2026 12:00,311,146,165,66,33,33,,,,43,27,16,,,,91,50,41,,,,37,11,26,,,
02/01/2026 13:00,369,189,180,70,30,40,,,,40,26,14,,,,102,59,43,,,,53,17,36,,,
02/01/2026 14:00,316,153,163,70,37,33,,,,38,19,19,,,,93,53,40,,,,36,15,21,,,
02/01/2026 15:00,265,120,145,57,30,27,,,,29,11,18,,,,106,67,39,,,,61,22,39,,,
02/01/2026 16:00,240,127,113,77,38,39,,,,20,11,9,,,,76,37,39,,,,67,24,43,,,
02/01/2026 17:00,119,72,47,50,29,21,,,,20,10,10,,,,41,19,22,,,,29,12,17,,,
02/01/2026 18:00,73,36,37,29,19,10,,,,16,5,11,,,,25,15,10,,,,32,23,9,,,
02/01/2026 19:00,54,24,30,22,11,11,,,,5,1,4,,,,25,12,13,,,,40,21,19,,,
02/01/2026 20:00,47,23,24,20,8,12,,,,8,5,3,,,,8,2,6,,,,19,11,8,,,
02/01/2026 21:00,31,17,14,8,6,2,,,,3,1,2,,,,8,5,3,,,,11,7,4,,,
02/01/2026 22:00,10,6,4,7,2,5,,,,1,0,1,,,,1,0,1,,,,16,7,9,,,
02/01/2026 23:00,6,4,2,2,0,2,,,,1,1,0,,,,0,0,0,,,,6,2,4,,,
03/01/2026 00:00,0,0,0,0,0,0,,,,3,3,0,,,,0,0,0,,,,10,2,8,,,
03/01/2026 01:00,1,0,1,1,0,1,,,,0,0,0,,,,0,0,0,,,,9,6,3,,,
03/01/2026 02:00,0,0,0,1,1,0,,,,1,0,1,,,,0,0,0,,,,1,0,1,,,
03/01/2026 03:00,0,0,0,0,0,0,,,,0,0,0,,,,0,0,0,,,,0,0,0,,,
03/01/2026 04:00,0,0,0,0,0,0,,,,0,0,0,,,,0,0,0,,,,2,2,0,,,
03/01/2026 05:00,1,1,0,0,0,0,,,,0,0,0,,,,0,0,0,,,,3,3,0,,,
03/01/2026 06:00,6,0,6,3,2,1,,,,0,0,0,,,,2,0,2,,,,4,1,3,,,
03/01/2026 07:00,27,13,14,9,8,1,,,,0,0,0,,,,8,7,1,,,,3,2,1,,,
03/01/2026 08:00,91,55,36,29,17,12,,,,14,5,9,,,,35,24,11,,,,13,8,5,,,
03/01/2026 09:00,137,67,70,49,30,19,,,,25,13,12,,,,59,39,20,,,,16,8,8,,,
03/01/2026 10:00,210,115,95,88,49,39,,,,34,20,14,,,,114,66,48,,,,26,10,16,,,
03/01/2026 11:00,332,188,144,98,54,44,,,,45,25,20,,,,140,78,62,,,,28,15,13,,,
03/01/2026 12:00,396,201,195,105,52,53,,,,36,17,19,,,,159,94,65,,,,40,23,17,,,
03/01/2026 13:00,394,197,197,101,52,49,,,,26,17,9,,,,116,75,41,,,,48,20,28,,,
03/01/2026 14:00,398,220,178,101,55,46,,,,51,20,31,,,,104,56,48,,,,41,19,22,,,
03/01/2026 15:00,378,184,194,80,41,39,,,,37,18,19,,,,127,76,51,,,,59,25,34,,,
03/01/2026 16:00,271,133,138,79,38,41,,,,28,12,16,,,,69,30,39,,,,39,15,24,,,
03/01/2026 17:00,88,45,43,31,11,20,,,,19,8,11,,,,41,16,25,,,,43,23,20,,,
03/01/2026 18:00,51,32,19,31,24,7,,,,8,4,4,,,,19,11,8,,,,21,9,12,,,
03/01/2026 19:00,49,26,23,21,11,10,,,,6,4,2,,,,21,9,12,,,,18,10,8,,,
03/01/2026 20:00,34,19,15,10,4,6,,,,11,6,5,,,,8,4,4,,,,12,7,5,,,
03/01/2026 21:00,24,10,14,6,5,1,,,,4,3,1,,,,9,5,4,,,,18,9,9,,,
03/01/2026 22:00,4,3,1,10,1,9,,,,0,0,0,,,,1,0,1,,,,7,3,4,,,
03/01/2026 23:00,3,2,1,3,3,0,,,,2,1,1,,,,3,2,1,,,,6,3,3,,,
04/01/2026 00:00,4,4,0,0,0,0,,,,5,5,0,,,,0,0,0,,,,2,1,1,,,
04/01/2026 01:00,1,1,0,0,0,0,,,,0,0,0,,,,0,0,0,,,,8,6,2,,,
04/01/2026 02:00,1,1,0,0,0,0,,,,3,0,3,,,,0,0,0,,,,2,0,2,,,
04/01/2026 03:00,0,0,0,0,0,0,,,,0,0,0,,,,0,0,0,,,,0,0,0,,,
04/01/2026 04:00,0,0,0,0,0,0,,,,1,1,0,,,,0,0,0,,,,0,0,0,,,
04/01/2026 05:00,1,1,0,0,0,0,,,,1,0,1,,,,0,0,0,,,,2,2,0,,,
04/01/2026 06:00,5,1,4,5,2,3,,,,2,2,0,,,,2,1,1,,,,3,1,2,,,
04/01/2026 07:00,16,10,6,6,2,4,,,,4,2,2,,,,6,1,5,,,,4,2,2,,,
04/01/2026 08:00,61,26,35,18,16,2,,,,7,4,3,,,,32,17,15,,,,13,6,7,,,
04/01/2026 09:00,172,94,78,46,22,24,,,,17,8,9,,,,87,46,41,,,,14,5,9,,,
04/01/2026 10:00,253,137,116,60,29,31,,,,38,19,19,,,,101,62,39,,,,18,13,5,,,
04/01/2026 11:00,412,222,190,108,56,52,,,,50,24,26,,,,113,69,44,,,,42,22,20,,,
04/01/2026 12:00,484,265,219,105,57,48,,,,63,36,27,,,,137,71,66,,,,34,18,16,,,
04/01/2026 13:00,529,265,264,114,71,43,,,,39,17,22,,,,109,65,44,,,,53,23,30,,,
04/01/2026 14:00,466,219,247,88,37,51,,,,52,19,33,,,,100,49,51,,,,44,17,27,,,
04/01/2026 15:00,405,202,203,75,49,26,,,,50,29,21,,,,115,62,53,,,,24,19,5,,,
04/01/2026 16:00,272,131,141,50,25,25,,,,38,17,21,,,,112,61,51,,,,45,23,22,,,
04/01/2026 17:00,114,62,52,42,13,29,,,,17,8,9,,,,28,11,17,,,,38,22,16,,,
04/01/2026 18:00,55,29,26,19,6,13,,,,7,2,5,,,,14,7,7,,,,30,12,18,,,
04/01/2026 19:00,49,21,28,11,6,5,,,,1,1,0,,,,8,6,2,,,,14,6,8,,,
04/01/2026 20:00,37,14,23,16,12,4,,,,9,4,5,,,,24,14,10,,,,11,5,6,,,
04/01/2026 21:00,16,11,5,5,4,1,,,,5,1,4,,,,9,6,3,,,,20,9,11,,,
04/01/2026 22:00,11,7,4,0,0,0,,,,2,0,2,,,,5,2,3,,,,7,4,3,,,
04/01/2026 23:00,3,2,1,0,0,0,,,,1,0,1,,,,2,1,1,,,,4,1,3,,,
05/01/2026 00:00,0,0,0,0,0,0,,,,0,0,0,,,,0,0,0,,,,2,1,1,,,
05/01/2026 01:00,0,0,0,0,0,0,,,,0,0,0,,,,0,0,0,,,,0,0,0,,,
05/01/2026 02:00,0,0,0,0,0,0,,,,2,0,2,,,,0,0,0,,,,1,0,1,,,
05/01/2026 03:00,0,0,0,0,0,0,,,,0,0,0,,,,0,0,0,,,,0,0,0,,,
05/01/2026 04:00,2,1,1,0,0,0,,,,0,0,0,,,,0,0,0,,,,2,2,0,,,
05/01/2026 05:00,4,3,1,0,0,0,,,,1,1,0,,,,0,0,0,,,,3,1,2,,,
05/01/2026 06:00,16,5,11,10,5,5,,,,10,4,6,,,,4,4,0,,,,8,6,2,,,
05/01/2026 07:00,41,23,18,10,3,7,,,,10,2,8,,,,28,15,13,,,,20,7,13,,,
05/01/2026 08:00,42,23,19,41,18,23,,,,40,20,20,,,,64,36,28,,,,87,66,21,,,
05/01/2026 09:00,61,36,25,30,15,15,,,,25,15,10,,,,36,19,17,,,,26,11,15,,,
05/01/2026 10:00,102,52,50,36,16,20,,,,14,7,7,,,,33,17,16,,,,26,16,10,,,
05/01/2026 11:00,142,70,72,30,19,11,,,,21,13,8,,,,42,26,16,,,,25,17,8,,,
05/01/2026 12:00,183,98,85,40,18,22,,,,38,25,13,,,,84,51,33,,,,27,10,17,,,
05/01/2026 13:00,207,106,101,66,33,33,,,,31,20,11,,,,101,60,41,,,,50,18,32,,,
05/01/2026 14:00,165,82,83,40,21,19,,,,38,16,22,,,,78,42,36,,,,58,20,38,,,
05/01/2026 15:00,151,80,71,43,21,22,,,,28,12,16,,,,65,35,30,,,,88,21,67,,,
05/01/2026 16:00,105,53,52,43,19,24,,,,36,22,14,,,,86,39,47,,,,71,28,43,,,
05/01/2026 17:00,99,61,38,41,22,19,,,,23,13,10,,,,65,29,36,,,,56,21,35,,,
05/01/2026 18:00,71,43,28,42,24,18,,,,18,14,4,,,,43,22,21,,,,48,26,22,,,
05/01/2026 19:00,77,38,39,27,14,13,,,,14,5,9,,,,41,21,20,,,,30,17,13,,,
05/01/2026 20:00,49,28,21,17,8,9,,,,11,6,5,,,,17,10,7,,,,28,14,14,,,
05/01/2026 21:00,22,9,13,13,8,5,,,,4,1,3,,,,6,4,2,,,,6,2,4,,,
05/01/2026 22:00,8,6,2,5,3,2,,,,2,1,1,,,,3,3,0,,,,7,5,2,,,
05/01/2026 23:00,1,0,1,0,0,0,,,,2,0,2,,,,3,2,1,,,,4,2,2,,,
06/01/2026 00:00,0,0,0,0,0,0,,,,1,1,0,,,,1,0,1,,,,2,2,0,,,
06/01/2026 01:00,2,1,1,0,0,0,,,,0,0,0,,,,0,0,0,,,,2,1,1,,,
06/01/2026 02:00,0,0,0,0,0,0,,,,0,0,0,,,,0,0,0,,,,0,0,0,,,
06/01/2026 03:00,0,0,0,0,0,0,,,,0,0,0,,,,0,0,0,,,,0,0,0,,,
06/01/2026 04:00,1,1,0,0,0,0,,,,0,0,0,,,,0,0,0,,,,3,2,1,,,
06/01/2026 05:00,10,4,6,3,1,2,,,,2,1,1,,,,3,2,1,,,,3,1,2,,,
06/01/2026 06:00,20,8,12,12,4,8,,,,3,3,0,,,,17,7,10,,,,6,4,2,,,
06/01/2026 07:00,47,24,23,11,5,6,,,,13,5,8,,,,34,20,14,,,,25,8,17,,,
06/01/2026 08:00,64,27,37,26,11,15,,,,41,16,25,,,,85,36,49,,,,103,77,26,,,
06/01/2026 09:00,115,58,57,24,16,8,,,,27,13,14,,,,38,21,17,,,,39,22,17,,,
06/01/2026 10:00,93,54,39,42,23,19,,,,13,8,5,,,,46,27,19,,,,32,13,19,,,
06/01/2026 11:00,124,60,64,38,21,17,,,,28,14,14,,,,56,27,29,,,,36,16,20,,,
06/01/2026 12:00,162,66,96,47,26,21,,,,32,11,21,,,,61,29,32,,,,49,28,21,,,
06/01/2026 13:00,182,90,92,57,24,33,,,,35,13,22,,,,73,40,33,,,,51,25,26,,,
06/01/2026 14:00,129,54,75,41,17,24,,,,30,16,14,,,,65,40,25,,,,49,22,27,,,
06/01/2026 15:00,148,82,66,38,24,14,,,,30,12,18,,,,81,50,31,,,,81,20,61,,,
06/01/2026 16:00,84,41,43,50,30,20,,,,38,17,21,,,,81,40,41,,,,68,26,42,,,
06/01/2026 17:00,78,41,37,58,33,25,,,,21,5,16,,,,62,31,31,,,,73,32,41,,,
06/01/2026 18:00,93,58,35,41,29,12,,,,21,6,15,,,,71,38,33,,,,51,27,24,,,
06/01/2026 19:00,79,41,38,49,23,26,,,,24,17,7,,,,52,27,25,,,,50,23,27,,,
06/01/2026 20:00,69,34,35,39,12,27,,,,8,0,8,,,,32,18,14,,,,26,8,18,,,
06/01/2026 21:00,28,16,12,14,7,7,,,,5,2,3,,,,14,5,9,,,,16,9,7,,,
06/01/2026 22:00,12,7,5,5,2,3,,,,5,2,3,,,,1,0,1,,,,3,2,1,,,
06/01/2026 23:00,4,2,2,0,0,0,,,,3,1,2,,,,3,2,1,,,,5,3,2,,,
07/01/2026 00:00,0,0,0,0,0,0,,,,1,1,0,,,,0,0,0,,,,4,3,1,,,
07/01/2026 01:00,0,0,0,0,0,0,,,,0,0,0,,,,0,0,0,,,,3,3,0,,,
07/01/2026 02:00,1,1,0,0,0,0,,,,0,0,0,,,,0,0,0,,,,0,0,0,,,
07/01/2026 03:00,0,0,0,0,0,0,,,,0,0,0,,,,0,0,0,,,,0,0,0,,,
07/01/2026 04:00,1,1,0,0,0,0,,,,0,0,0,,,,0,0,0,,,,1,1,0,,,
07/01/2026 05:00,8,3,5,2,1,1,,,,1,1,0,,,,3,1,2,,,,6,2,4,,,
07/01/2026 06:00,38,15,23,12,7,5,,,,4,3,1,,,,13,6,7,,,,10,4,6,,,
07/01/2026 07:00,53,28,25,22,11,11,,,,15,4,11,,,,58,28,30,,,,21,5,16,,,
07/01/2026 08:00,82,36,46,31,16,15,,,,54,20,34,,,,84,37,47,,,,88,61,27,,,
07/01/2026 09:00,95,53,42,35,19,16,,,,26,17,9,,,,58,37,21,,,,41,25,16,,,
07/01/2026 10:00,101,54,47,31,16,15,,,,24,10,14,,,,46,23,23,,,,44,22,22,,,
07/01/2026 11:00,144,72,72,24,13,11,,,,29,11,18,,,,48,29,19,,,,28,15,13,,,
07/01/2026 12:00,130,65,65,47,27,20,,,,31,17,14,,,,55,29,26,,,,41,19,22,,,
07/01/2026 13:00,168,93,75,45,25,20,,,,34,21,13,,,,123,60,63,,,,64,25,39,,,
07/01/2026 14:00,106,46,60,41,15,26,,,,18,8,10,,,,98,48,50,,,,70,25,45,,,
07/01/2026 15:00,111,57,54,34,24,10,,,,24,14,10,,,,74,32,42,,,,82,23,59,,,
07/01/2026 16:00,128,61,67,42,21,21,,,,37,19,18,,,,68,34,34,,,,76,31,45,,,
07/01/2026 17:00,116,61,55,52,25,27,,,,19,10,9,,,,96,42,54,,,,58,29,29,,,
07/01/2026 18:00,120,73,47,60,32,28,,,,29,12,17,,,,83,38,45,,,,67,36,31,,,
07/01/2026 19:00,109,57,52,41,21,20,,,,13,6,7,,,,51,24,27,,,,44,23,21,,,
07/01/2026 20:00,80,43,37,33,17,16,,,,10,3,7,,,,24,14,10,,,,24,12,12,,,
07/01/2026 21:00,20,13,7,18,9,9,,,,6,4,2,,,,7,1,6,,,,23,9,14,,,
07/01/2026 22:00,14,7,7,5,2,3,,,,5,2,3,,,,4,3,1,,,,15,5,10,,,
07/01/2026 23:00,3,1,2,1,1,0,,,,3,0,3,,,,1,0,1,,,,10,5,5,,,
08/01/2026 00:00,0,0,0,0,0,0,,,,1,0,1,,,,0,0,0,,,,7,5,2,,,
08/01/2026 01:00,0,0,0,3,2,1,,,,0,0,0,,,,0,0,0,,,,2,2,0,,,
08/01/2026 02:00,0,0,0,1,0,1,,,,0,0,0,,,,0,0,0,,,,0,0,0,,,
08/01/2026 03:00,0,0,0,0,0,0,,,,0,0,0,,,,0,0,0,,,,0,0,0,,,
08/01/2026 04:00,1,1,0,0,0,0,,,,0,0,0,,,,0,0,0,,,,1,1,0,,,
08/01/2026 05:00,11,2,9,1,1,0,,,,1,1,0,,,,4,3,1,,,,6,3,3,,,
08/01/2026 06:00,30,13,17,10,4,6,,,,4,2,2,,,,25,15,10,,,,5,3,2,,,
08/01/2026 07:00,72,45,27,30,13,17,,,,13,3,10,,,,49,27,22,,,,25,9,16,,,
08/01/2026 08:00,92,36,56,43,19,24,,,,60,29,31,,,,81,41,40,,,,97,75,22,,,
08/01/2026 09:00,100,48,52,40,22,18,,,,32,14,18,,,,51,26,25,,,,51,22,29,,,
08/01/2026 10:00,107,52,55,41,27,14,,,,23,12,11,,,,31,16,15,,,,32,15,17,,,
08/01/2026 11:00,146,70,76,37,18,19,,,,26,11,15,,,,57,35,22,,,,33,17,16,,,
08/01/2026 12:00,166,85,81,48,28,20,,,,34,19,15,,,,67,32,35,,,,35,22,13,,,
08/01/2026 13:00,151,74,77,40,19,21,,,,29,13,16,,,,87,49,38,,,,58,24,34,,,
08/01/2026 14:00,81,37,44,31,17,14,,,,38,16,22,,,,72,35,37,,,,54,22,32,,,
08/01/2026 15:00,88,42,46,23,9,14,,,,26,12,14,,,,85,36,49,,,,71,11,60,,,
08/01/2026 16:00,45,27,18,27,13,14,,,,21,9,12,,,,60,27,33,,,,53,24,29,,,
08/01/2026 17:00,24,13,11,16,9,7,,,,16,11,5,,,,41,16,25,,,,35,15,20,,,
08/01/2026 18:00,39,24,15,29,16,13,,,,11,1,10,,,,42,22,20,,,,24,11,13,,,
08/01/2026 19:00,38,19,19,14,8,6,,,,16,9,7,,,,31,17,14,,,,21,13,8,,,
08/01/2026 20:00,13,11,2,6,6,0,,,,8,5,3,,,,10,5,5,,,,12,3,9,,,
08/01/2026 21:00,14,8,6,12,6,6,,,,5,2,3,,,,1,1,0,,,,4,0,4,,,
08/01/2026 22:00,3,1,2,5,2,3,,,,3,2,1,,,,5,4,1,,,,11,7,4,,,
08/01/2026 23:00,7,6,1,2,1,1,,,,3,0,3,,,,0,0,0,,,,8,4,4,,,
09/01/2026 00:00,0,0,0,0,0,0,,,,2,0,2,,,,2,1,1,,,,8,6,2,,,
09/01/2026 01:00,1,0,1,0,0,0,,,,0,0,0,,,,0,0,0,,,,0,0,0,,,
09/01/2026 02:00,0,0,0,0,0,0,,,,1,0,1,,,,0,0,0,,,,0,0,0,,,
09/01/2026 03:00,0,0,0,0,0,0,,,,0,0,0,,,,0,0,0,,,,0,0,0,,,
09/01/2026 04:00,2,1,1,0,0,0,,,,0,0,0,,,,0,0,0,,,,5,3,2,,,
09/01/2026 05:00,3,1,2,3,3,0,,,,1,1,0,,,,0,0,0,,,,6,2,4,,,
09/01/2026 06:00,18,11,7,22,14,8,,,,8,3,5,,,,18,10,8,,,,10,5,5,,,
09/01/2026 07:00,58,31,27,28,14,14,,,,14,2,12,,,,31,20,11,,,,21,6,15,,,
09/01/2026 08:00,81,38,43,35,21,14,,,,40,17,23,,,,61,35,26,,,,74,54,20,,,
09/01/2026 09:00,117,63,54,33,22,11,,,,31,15,16,,,,63,30,33,,,,59,28,31,,,
09/01/2026 10:00,116,59,57,26,19,7,,,,28,15,13,,,,45,25,20,,,,30,16,14,,,
09/01/2026 11:00,155,86,69,31,18,13,,,,45,22,23,,,,66,41,25,,,,23,11,12,,,
09/01/2026 12:00,193,86,107,65,29,36,,,,25,11,14,,,,84,50,34,,,,39,18,21,,,
09/01/2026 13:00,233,116,117,53,29,24,,,,25,9,16,,,,114,61,53,,,,77,17,60,,,
09/01/2026 14:00,165,86,79,38,18,20,,,,22,12,10,,,,108,66,42,,,,59,25,34,,,
09/01/2026 15:00,190,91,99,59,24,35,,,,32,14,18,,,,96,45,51,,,,53,22,31,,,
09/01/2026 16:00,136,70,66,54,25,29,,,,43,16,27,,,,93,50,43,,,,72,26,46,,,
09/01/2026 17:00,100,51,49,45,27,18,,,,28,12,16,,,,81,36,45,,,,43,20,23,,,
09/01/2026 18:00,93,49,44,47,26,21,,,,17,8,9,,,,41,23,18,,,,47,20,27,,,
09/01/2026 19:00,78,48,30,21,10,11,,,,16,10,6,,,,35,20,15,,,,43,28,15,,,
09/01/2026 20:00,55,28,27,18,6,12,,,,10,7,3,,,,15,9,6,,,,16,9,7,,,
09/01/2026 21:00,46,21,25,24,13,11,,,,7,4,3,,,,9,3,6,,,,15,11,4,,,
09/01/2026 22:00,11,4,7,4,0,4,,,,3,2,1,,,,3,2,1,,,,13,4,9,,,
09/01/2026 23:00,13,7,6,2,1,1,,,,2,0,2,,,,4,4,0,,,,3,2,1,,,
10/01/2026 00:00,0,0,0,0,0,0,,,,3,0,3,,,,0,0,0,,,,6,2,4,,,
10/01/2026 01:00,0,0,0,0,0,0,,,,0,0,0,,,,0,0,0,,,,4,4,0,,,
10/01/2026 02:00,0,0,0,0,0,0,,,,0,0,0,,,,0,0,0,,,,1,1,0,,,
10/01/2026 03:00,0,0,0,0,0,0,,,,0,0,0,,,,0,0,0,,,,0,0,0,,,
10/01/2026 04:00,0,0,0,1,0,1,,,,0,0,0,,,,0,0,0,,,,1,1,0,,,
10/01/2026 05:00,0,0,0,0,0,0,,,,0,0,0,,,,0,0,0,,,,0,0,0,,,
10/01/2026 06:00,14,5,9,3,2,1,,,,1,1,0,,,,2,2,0,,,,6,0,6,,,
10/01/2026 07:00,42,19,23,12,6,6,,,,2,0,2,,,,17,13,4,,,,6,3,3,,,
10/01/2026 08:00,90,58,32,50,24,26,,,,14,6,8,,,,65,38,27,,,,12,6,6,,,
10/01/2026 09:00,174,74,100,41,25,16,,,,20,10,10,,,,129,74,55,,,,26,7,19,,,
10/01/2026 10:00,255,126,129,79,51,28,,,,60,28,32,,,,156,100,56,,,,33,21,12,,,
10/01/2026 11:00,335,184,151,95,53,42,,,,46,35,11,,,,191,111,80,,,,42,24,18,,,
10/01/2026 12:00,389,201,188,116,52,64,,,,33,18,15,,,,163,81,82,,,,42,20,22,,,
10/01/2026 13:00,397,202,195,103,52,51,,,,39,24,15,,,,143,79,64,,,,53,25,28,,,
10/01/2026 14:00,387,195,192,77,39,38,,,,48,23,25,,,,139,76,63,,,,44,17,27,,,
10/01/2026 15:00,322,135,187,70,41,29,,,,36,11,25,,,,114,64,50,,,,57,34,23,,,
10/01/2026 16:00,228,118,110,60,20,40,,,,36,14,22,,,,112,51,61,,,,52,18,34,,,
10/01/2026 17:00,166,90,76,53,20,33,,,,18,8,10,,,,40,16,24,,,,45,23,22,,,
10/01/2026 18:00,64,28,36,23,10,13,,,,10,5,5,,,,25,13,12,,,,28,12,16,,,
10/01/2026 19:00,61,31,30,19,3,16,,,,9,5,4,,,,17,11,6,,,,29,11,18,,,
10/01/2026 20:00,31,21,10,9,3,6,,,,8,6,2,,,,17,8,9,,,,19,13,6,,,
10/01/2026 21:00,15,10,5,0,0,0,,,,5,2,3,,,,5,2,3,,,,13,8,5,,,
10/01/2026 22:00,5,3,2,4,0,4,,,,3,2,1,,,,3,0,3,,,,11,10,1,,,
10/01/2026 23:00,0,0,0,4,2,2,,,,0,0,0,,,,5,2,3,,,,3,2,1,,,
11/01/2026 00:00,0,0,0,0,0,0,,,,2,1,1,,,,0,0,0,,,,5,4,1,,,
11/01/2026 01:00,3,3,0,2,1,1,,,,0,0,0,,,,1,1,0,,,,5,3,2,,,
11/01/2026 02:00,0,0,0,0,0,0,,,,1,1,0,,,,0,0,0,,,,1,1,0,,,
11/01/2026 03:00,1,1,0,0,0,0,,,,0,0,0,,,,0,0,0,,,,1,1,0,,,
11/01/2026 04:00,0,0,0,0,0,0,,,,0,0,0,,,,0,0,0,,,,4,2,2,,,
11/01/2026 05:00,1,1,0,0,0,0,,,,0,0,0,,,,0,0,0,,,,4,1,3,,,
11/01/2026 06:00,8,5,3,2,1,1,,,,1,1,0,,,,1,1,0,,,,4,0,4,,,
11/01/2026 07:00,16,10,6,4,1,3,,,,0,0,0,,,,10,5,5,,,,3,1,2,,,
11/01/2026 08:00,42,17,25,28,18,10,,,,9,3,6,,,,33,21,12,,,,4,2,2,,,
11/01/2026 09:00,156,83,73,44,31,13,,,,25,14,11,,,,92,60,32,,,,21,9,12,,,
11/01/2026 10:00,281,136,145,81,32,49,,,,32,19,13,,,,161,89,72,,,,39,21,18,,,
11/01/2026 11:00,377,207,170,91,48,43,,,,42,16,26,,,,163,99,64,,,,48,22,26,,,
11/01/2026 12:00,357,180,177,86,50,36,,,,52,31,21,,,,113,53,60,,,,41,19,22,,,
11/01/2026 13:00,317,170,147,67,35,32,,,,45,20,25,,,,84,52,32,,,,36,21,15,,,
11/01/2026 14:00,201,98,103,44,21,23,,,,25,10,15,,,,49,23,26,,,,26,13,13,,,
11/01/2026 15:00,137,69,68,29,18,11,,,,18,4,14,,,,66,36,30,,,,26,17,9,,,
11/01/2026 16:00,97,45,52,44,23,21,,,,18,10,8,,,,41,17,24,,,,31,18,13,,,
11/01/2026 17:00,63,30,33,27,10,17,,,,12,5,7,,,,27,10,17,,,,33,15,18,,,
11/01/2026 18:00,41,22,19,20,11,9,,,,10,4,6,,,,9,5,4,,,,10,4,6,,,
11/01/2026 19:00,39,24,15,23,14,9,,,,5,4,1,,,,15,8,7,,,,17,7,10,,,
11/01/2026 20:00,33,15,18,9,4,5,,,,7,4,3,,,,20,9,11,,,,19,9,10,,,
11/01/2026 21:00,10,5,5,5,0,5,,,,4,1,3,,,,3,2,1,,,,14,7,7,,,
11/01/2026 22:00,6,5,1,13,5,8,,,,2,1,1,,,,3,1,2,,,,6,5,1,,,
11/01/2026 23:00,5,4,1,0,0,0,,,,1,0,1,,,,1,0,1,,,,3,1,2,,,
12/01/2026 00:00,0,0,0,0,0,0,,,,2,1,1,,,,0,0,0,,,,7,5,2,,,
12/01/2026 01:00,0,0,0,0,0,0,,,,0,0,0,,,,0,0,0,,,,2,0,2,,,
12/01/2026 02:00,0,0,0,0,0,0,,,,0,0,0,,,,0,0,0,,,,0,0,0,,,
12/01/2026 03:00,0,0,0,0,0,0,,,,0,0,0,,,,0,0,0,,,,0,0,0,,,
12/01/2026 04:00,3,1,2,0,0,0,,,,0,0,0,,,,0,0,0,,,,1,1,0,,,
12/01/2026 05:00,8,2,6,1,0,1,,,,0,0,0,,,,3,2,1,,,,5,3,2,,,
12/01/2026 06:00,31,14,17,15,9,6,,,,2,2,0,,,,16,9,7,,,,11,6,5,,,
12/01/2026 07:00,64,40,24,36,14,22,,,,14,3,11,,,,45,26,19,,,,27,8,19,,,
12/01/2026 08:00,75,43,32,40,19,21,,,,58,28,30,,,,108,52,56,,,,85,66,19,,,
12/01/2026 09:00,121,57,64,27,13,14,,,,19,10,9,,,,73,38,35,,,,36,19,17,,,
12/01/2026 10:00,118,59,59,27,12,15,,,,15,6,9,,,,68,33,35,,,,36,19,17,,,
12/01/2026 11:00,151,92,59,40,28,12,,,,20,10,10,,,,59,32,27,,,,35,18,17,,,
12/01/2026 12:00,174,84,90,40,28,12,,,,35,19,16,,,,91,54,37,,,,56,30,26,,,
12/01/2026 13:00,205,105,100,63,25,38,,,,30,10,20,,,,120,56,64,,,,64,26,38,,,
12/01/2026 14:00,190,95,95,46,24,22,,,,33,22,11,,,,86,54,32,,,,78,29,49,,,
12/01/2026 15:00,146,71,75,53,29,24,,,,37,18,19,,,,71,35,36,,,,84,17,67,,,
12/01/2026 16:00,149,81,68,46,21,25,,,,44,20,24,,,,108,50,58,,,,76,33,43,,,
12/01/2026 17:00,118,55,63,53,32,21,,,,25,11,14,,,,81,32,49,,,,80,43,37,,,
12/01/2026 18:00,121,65,56,79,38,41,,,,23,12,11,,,,71,44,27,,,,73,38,35,,,
12/01/2026 19:00,113,54,59,56,30,26,,,,17,8,9,,,,77,37,40,,,,43,26,17,,,
12/01/2026 20:00,112,65,47,45,22,23,,,,12,2,10,,,,38,18,20,,,,40,23,17,,,
12/01/2026 21:00,65,37,28,24,14,10,,,,3,1,2,,,,21,8,13,,,,23,5,18,,,
12/01/2026 22:00,19,14,5,6,2,4,,,,4,1,3,,,,5,4,1,,,,6,3,3,,,
12/01/2026 23:00,2,1,1,0,0,0,,,,4,0,4,,,,2,1,1,,,,1,1,0,,,
13/01/2026 00:00,1,1,0,1,1,0,,,,0,0,0,,,,0,0,0,,,,10,8,2,,,
13/01/2026 01:00,1,1,0,1,0,1,,,,0,0,0,,,,0,0,0,,,,4,2,2,,,
13/01/2026 02:00,3,0,3,0,0,0,,,,0,0,0,,,,0,0,0,,,,0,0,0,,,
13/01/2026 03:00,0,0,0,0,0,0,,,,0,0,0,,,,0,0,0,,,,0,0,0,,,
13/01/2026 04:00,2,1,1,0,0,0,,,,0,0,0,,,,0,0,0,,,,1,1,0,,,
13/01/2026 05:00,8,2,6,2,1,1,,,,0,0,0,,,,2,1,1,,,,4,1,3,,,
13/01/2026 06:00,29,14,15,15,9,6,,,,4,4,0,,,,16,10,6,,,,13,7,6,,,
13/01/2026 07:00,31,16,15,27,14,13,,,,10,5,5,,,,28,13,15,,,,26,11,15,,,
13/01/2026 08:00,62,22,40,23,9,14,,,,38,16,22,,,,76,43,33,,,,88,58,30,,,
13/01/2026 09:00,92,44,48,33,20,13,,,,24,13,11,,,,62,27,35,,,,46,21,25,,,
13/01/2026 10:00,129,62,67,32,19,13,,,,17,8,9,,,,53,28,25,,,,52,19,33,,,
13/01/2026 11:00,204,96,108,31,20,11,,,,21,10,11,,,,63,35,28,,,,42,27,15,,,
13/01/2026 12:00,214,111,103,38,24,14,,,,35,17,18,,,,99,55,44,,,,58,30,28,,,
13/01/2026 13:00,220,111,109,65,35,30,,,,20,5,15,,,,145,76,69,,,,57,21,36,,,
13/01/2026 14:00,179,96,83,36,17,19,,,,38,16,22,,,,96,63,33,,,,59,18,41,,,
13/01/2026 15:00,160,91,69,43,23,20,,,,22,12,10,,,,74,37,37,,,,89,29,60,,,
13/01/2026 16:00,147,73,74,33,17,16,,,,34,18,16,,,,88,49,39,,,,91,28,63,,,
13/01/2026 17:00,111,63,48,54,31,23,,,,26,7,19,,,,82,40,42,,,,55,24,31,,,
13/01/2026 18:00,131,73,58,61,33,28,,,,27,14,13,,,,80,43,37,,,,58,33,25,,,
13/01/2026 19:00,96,55,41,71,40,31,,,,24,9,15,,,,54,26,28,,,,50,22,28,,,
13/01/2026 20:00,74,41,33,19,8,11,,,,11,4,7,,,,45,27,18,,,,39,12,27,,,
13/01/2026 21:00,47,28,19,15,7,8,,,,4,1,3,,,,8,4,4,,,,28,8,20,,,
13/01/2026 22:00,15,9,6,9,1,8,,,,1,1,0,,,,7,2,5,,,,8,3,5,,,
13/01/2026 23:00,3,2,1,4,2,2,,,,2,2,0,,,,4,1,3,,,,15,8,7,,,
14/01/2026 00:00,0,0,0,0,0,0,,,,0,0,0,,,,0,0,0,,,,4,2,2,,,
14/01/2026 01:00,0,0,0,0,0,0,,,,0,0,0,,,,0,0,0,,,,6,2,4,,,
14/01/2026 02:00,1,1,0,0,0,0,,,,0,0,0,,,,0,0,0,,,,1,1,0,,,
14/01/2026 03:00,0,0,0,0,0,0,,,,0,0,0,,,,0,0,0,,,,0,0,0,,,
14/01/2026 04:00,2,1,1,0,0,0,,,,1,1,0,,,,0,0,0,,,,2,2,0,,,
14/01/2026 05:00,8,4,4,0,0,0,,,,0,0,0,,,,3,2,1,,,,6,2,4,,,
14/01/2026 06:00,27,8,19,10,6,4,,,,4,3,1,,,,16,9,7,,,,12,7,5,,,
14/01/2026 07:00,68,37,31,32,13,19,,,,8,5,3,,,,54,28,26,,,,24,9,15,,,
14/01/2026 08:00,91,44,47,45,26,19,,,,43,26,17,,,,114,55,59,,,,104,69,35,,,
14/01/2026 09:00,145,68,77,39,20,19,,,,22,15,7,,,,88,40,48,,,,39,22,17,,,
14/01/2026 10:00,124,58,66,37,22,15,,,,28,9,19,,,,79,48,31,,,,41,21,20,,,
14/01/2026 11:00,143,61,82,40,25,15,,,,31,13,18,,,,55,24,31,,,,40,20,20,,,
14/01/2026 12:00,224,110,114,45,18,27,,,,44,22,22,,,,76,35,41,,,,37,14,23,,,
14/01/2026 13:00,160,78,82,30,12,18,,,,36,16,20,,,,90,50,40,,,,66,26,40,,,
14/01/2026 14:00,136,77,59,31,17,14,,,,39,15,24,,,,71,35,36,,,,64,28,36,,,
14/01/2026 15:00,47,22,25,21,9,12,,,,18,9,9,,,,31,18,13,,,,73,16,57,,,
14/01/2026 16:00,67,25,42,15,7,8,,,,14,5,9,,,,52,20,32,,,,54,24,30,,,
14/01/2026 17:00,68,36,32,22,13,9,,,,12,9,3,,,,49,18,31,,,,55,26,29,,,
14/01/2026 18:00,41,23,18,23,18,5,,,,12,4,8,,,,65,37,28,,,,52,29,23,,,
14/01/2026 19:00,70,40,30,29,18,11,,,,9,5,4,,,,48,21,27,,,,33,15,18,,,
14/01/2026 20:00,45,27,18,20,11,9,,,,2,1,1,,,,18,10,8,,,,21,8,13,,,
14/01/2026 21:00,28,16,12,14,7,7,,,,1,0,1,,,,22,6,16,,,,27,11,16,,,
14/01/2026 22:00,15,9,6,8,2,6,,,,4,3,1,,,,7,2,5,,,,8,6,2,,,
14/01/2026 23:00,4,2,2,4,1,3,,,,0,0,0,,,,4,3,1,,,,8,2,6,,,
15/01/2026 00:00,0,0,0,0,0,0,,,,2,0,2,,,,0,0,0,,,,3,3,0,,,
15/01/2026 01:00,1,1,0,0,0,0,,,,0,0,0,,,,0,0,0,,,,3,2,1,,,
15/01/2026 02:00,0,0,0,1,0,1,,,,0,0,0,,,,2,2,0,,,,2,2,0,,,
15/01/2026 03:00,0,0,0,0,0,0,,,,0,0,0,,,,0,0,0,,,,0,0,0,,,
15/01/2026 04:00,3,1,2,0,0,0,,,,0,0,0,,,,0,0,0,,,,2,2,0,,,
15/01/2026 05:00,8,4,4,1,1,0,,,,1,1,0,,,,2,2,0,,,,4,1,3,,,
15/01/2026 06:00,36,20,16,15,12,3,,,,3,3,0,,,,27,14,13,,,,9,5,4,,,
15/01/2026 07:00,44,21,23,34,10,24,,,,11,5,6,,,,63,29,34,,,,31,13,18,,,
15/01/2026 08:00,90,41,49,44,16,28,,,,52,21,31,,,,104,47,57,,,,100,75,25,,,
15/01/2026 09:00,118,53,65,49,25,24,,,,33,16,17,,,,79,36,43,,,,44,24,20,,,
15/01/2026 10:00,149,75,74,60,30,30,,,,38,21,17,,,,64,33,31,,,,44,25,19,,,
15/01/2026 11:00,211,116,95,49,29,20,,,,30,11,19,,,,80,45,35,,,,38,22,16,,,
15/01/2026 12:00,238,108,130,57,31,26,,,,28,11,17,,,,101,54,47,,,,40,27,13,,,
15/01/2026 13:00,257,117,140,36,16,20,,,,31,18,13,,,,114,65,49,,,,63,25,38,,,
15/01/2026 14:00,232,131,101,40,20,20,,,,38,19,19,,,,107,75,32,,,,95,38,57,,,
15/01/2026 15:00,201,92,109,50,24,26,,,,28,13,15,,,,160,75,85,,,,102,23,79,,,
15/01/2026 16:00,156,81,75,42,24,18,,,,36,10,26,,,,89,39,50,,,,68,24,44,,,
15/01/2026 17:00,110,53,57,62,35,27,,,,18,10,8,,,,64,30,34,,,,85,36,49,,,
15/01/2026 18:00,109,61,48,59,31,28,,,,23,9,14,,,,74,44,30,,,,55,30,25,,,
15/01/2026 19:00,100,52,48,51,25,26,,,,17,9,8,,,,102,52,50,,,,56,32,24,,,
15/01/2026 20:00,70,42,28,33,12,21,,,,5,3,2,,,,47,28,19,,,,30,11,19,,,
15/01/2026 21:00,37,16,21,19,12,7,,,,2,1,1,,,,16,6,10,,,,26,3,23,,,
15/01/2026 22:00,19,14,5,6,2,4,,,,2,1,1,,,,4,1,3,,,,6,5,1,,,
15/01/2026 23:00,4,3,1,3,2,1,,,,1,0,1,,,,6,3,3,,,,8,5,3,,,
16/01/2026 00:00,0,0,0,0,0,0,,,,0,0,0,,,,1,0,1,,,,3,2,1,,,
16/01/2026 01:00,0,0,0,0,0,0,,,,0,0,0,,,,0,0,0,,,,2,1,1,,,
16/01/2026 02:00,1,0,1,1,1,0,,,,0,0,0,,,,0,0,0,,,,0,0,0,,,
16/01/2026 03:00,0,0,0,0,0,0,,,,1,0,1,,,,0,0,0,,,,3,0,3,,,
16/01/2026 04:00,1,1,0,0,0,0,,,,0,0,0,,,,0,0,0,,,,2,2,0,,,
16/01/2026 05:00,6,2,4,1,1,0,,,,2,1,1,,,,1,0,1,,,,4,1,3,,,
16/01/2026 06:00,28,8,20,11,6,5,,,,4,2,2,,,,19,12,7,,,,13,7,6,,,
16/01/2026 07:00,66,36,30,26,14,12,,,,10,3,7,,,,52,26,26,,,,25,12,13,,,
16/01/2026 08:00,97,49,48,36,14,22,,,,43,26,17,,,,79,44,35,,,,87,65,22,,,
16/01/2026 09:00,145,66,79,48,25,23,,,,23,16,7,,,,79,39,40,,,,42,18,24,,,
16/01/2026 10:00,159,88,71,44,14,30,,,,26,9,17,,,,54,27,27,,,,22,17,5,,,
16/01/2026 11:00,183,85,98,48,32,16,,,,12,7,5,,,,63,34,29,,,,38,19,19,,,
16/01/2026 12:00,235,108,127,38,18,20,,,,29,13,16,,,,77,42,35,,,,47,22,25,,,
16/01/2026 13:00,174,89,85,36,17,19,,,,27,10,17,,,,97,45,52,,,,96,31,65,,,
16/01/2026 14:00,66,28,38,17,6,11,,,,13,5,8,,,,18,6,12,,,,37,15,22,,,
16/01/2026 15:00,68,24,44,15,7,8,,,,12,6,6,,,,46,22,24,,,,39,16,23,,,
16/01/2026 16:00,90,50,40,33,18,15,,,,22,12,10,,,,75,34,41,,,,62,29,33,,,
16/01/2026 17:00,79,47,32,30,16,14,,,,25,11,14,,,,58,22,36,,,,44,22,22,,,
16/01/2026 18:00,60,29,31,32,18,14,,,,15,4,11,,,,33,13,20,,,,44,15,29,,,
16/01/2026 19:00,47,25,22,15,6,9,,,,13,3,10,,,,24,12,12,,,,29,16,13,,,
16/01/2026 20:00,69,36,33,19,12,7,,,,8,4,4,,,,20,12,8,,,,25,11,14,,,
16/01/2026 21:00,31,12,19,17,6,11,,,,10,7,3,,,,14,10,4,,,,17,11,6,,,
16/01/2026 22:00,20,13,7,6,5,1,,,,0,0,0,,,,7,3,4,,,,13,9,4,,,
16/01/2026 23:00,5,2,3,9,1,8,,,,5,1,4,,,,2,0,2,,,,11,8,3,,,
17/01/2026 00:00,0,0,0,0,0,0,,,,0,0,0,,,,0,0,0,,,,6,3,3,,,
17/01/2026 01:00,2,2,0,1,0,1,,,,0,0,0,,,,1,1,0,,,,3,3,0,,,
17/01/2026 02:00,1,1,0,0,0,0,,,,0,0,0,,,,0,0,0,,,,6,3,3,,,
17/01/2026 03:00,2,2,0,0,0,0,,,,0,0,0,,,,0,0,0,,,,0,0,0,,,
17/01/2026 04:00,1,1,0,0,0,0,,,,0,0,0,,,,0,0,0,,,,1,1,0,,,
17/01/2026 05:00,0,0,0,0,0,0,,,,0,0,0,,,,0,0,0,,,,4,3,1,,,
17/01/2026 06:00,17,3,14,3,1,2,,,,1,0,1,,,,7,4,3,,,,8,5,3,,,
17/01/2026 07:00,57,27,30,12,6,6,,,,2,1,1,,,,18,14,4,,,,2,0,2,,,
17/01/2026 08:00,70,39,31,41,25,16,,,,10,8,2,,,,45,30,15,,,,14,8,6,,,
17/01/2026 09:00,77,44,33,52,32,20,,,,14,7,7,,,,70,40,30,,,,27,11,16,,,
17/01/2026 10:00,191,106,85,94,62,32,,,,28,8,20,,,,130,88,42,,,,33,20,13,,,
17/01/2026 11:00,113,67,46,65,41,24,,,,24,14,10,,,,73,30,43,,,,22,13,9,,,
17/01/2026 12:00,168,88,80,60,33,27,,,,29,16,13,,,,91,50,41,,,,32,13,19,,,
17/01/2026 13:00,132,72,60,53,30,23,,,,45,16,29,,,,82,38,44,,,,33,16,17,,,
17/01/2026 14:00,235,122,113,61,31,30,,,,22,13,9,,,,79,40,39,,,,42,21,21,,,
17/01/2026 15:00,209,102,107,57,26,31,,,,28,14,14,,,,106,56,50,,,,39,16,23,,,
17/01/2026 16:00,169,78,91,53,23,30,,,,23,10,13,,,,84,41,43,,,,43,25,18,,,
17/01/2026 17:00,143,63,80,51,31,20,,,,16,4,12,,,,58,29,29,,,,43,22,21,,,
17/01/2026 18:00,79,50,29,35,17,18,,,,9,5,4,,,,24,11,13,,,,28,14,14,,,
17/01/2026 19:00,47,26,21,20,12,8,,,,4,3,1,,,,14,9,5,,,,21,12,9,,,
17/01/2026 20:00,65,28,37,11,6,5,,,,8,4,4,,,,25,12,13,,,,14,6,8,,,
17/01/2026 21:00,32,12,20,12,3,9,,,,3,1,2,,,,12,4,8,,,,27,12,15,,,
17/01/2026 22:00,16,9,7,6,0,6,,,,0,0,0,,,,8,4,4,,,,12,7,5,,,
17/01/2026 23:00,7,4,3,3,1,2,,,,2,0,2,,,,7,5,2,,,,8,5,3,,,
18/01/2026 00:00,0,0,0,5,3,2,,,,4,3,1,,,,2,1,1,,,,6,5,1,,,
18/01/2026 01:00,3,1,2,1,0,1,,,,0,0,0,,,,1,0,1,,,,4,3,1,,,
18/01/2026 02:00,1,1,0,2,0,2,,,,1,1,0,,,,1,1,0,,,,2,1,1,,,
18/01/2026 03:00,0,0,0,0,0,0,,,,0,0,0,,,,0,0,0,,,,3,1,2,,,
18/01/2026 04:00,0,0,0,0,0,0,,,,0,0,0,,,,0,0,0,,,,2,2,0,,,
18/01/2026 05:00,2,1,1,0,0,0,,,,1,1,0,,,,0,0,0,,,,6,2,4,,,
18/01/2026 06:00,8,3,5,5,2,3,,,,1,1,0,,,,0,0,0,,,,3,1,2,,,
18/01/2026 07:00,42,21,21,8,3,5,,,,1,1,0,,,,11,7,4,,,,3,2,1,,,
18/01/2026 08:00,105,46,59,25,16,9,,,,17,8,9,,,,56,34,22,,,,16,7,9,,,
18/01/2026 09:00,212,113,99,58,35,23,,,,36,15,21,,,,129,74,55,,,,25,11,14,,,
18/01/2026 10:00,317,170,147,107,60,47,,,,46,26,20,,,,166,102,64,,,,39,23,16,,,
18/01/2026 11:00,495,257,238,141,79,62,,,,46,26,20,,,,214,118,96,,,,51,32,19,,,
18/01/2026 12:00,592,302,290,132,65,67,,,,47,21,26,,,,228,125,103,,,,73,46,27,,,
18/01/2026 13:00,703,350,353,132,77,55,,,,55,30,25,,,,211,109,102,,,,45,21,24,,,
18/01/2026 14:00,696,362,334,134,79,55,,,,57,30,27,,,,192,106,86,,,,48,27,21,,,
18/01/2026 15:00,603,317,286,85,45,40,,,,43,22,21,,,,169,89,80,,,,47,28,19,,,
18/01/2026 16:00,422,225,197,77,34,43,,,,38,16,22,,,,163,82,81,,,,37,21,16,,,
18/01/2026 17:00,226,101,125,54,20,34,,,,26,18,8,,,,76,23,53,,,,41,21,20,,,
18/01/2026 18:00,90,55,35,40,22,18,,,,16,12,4,,,,43,25,18,,,,25,10,15,,,
18/01/2026 19:00,84,43,41,21,9,12,,,,7,4,3,,,,33,19,14,,,,49,22,27,,,
18/01/2026 20:00,53,26,27,12,6,6,,,,9,4,5,,,,24,11,13,,,,42,20,22,,,
18/01/2026 21:00,31,21,10,15,8,7,,,,8,4,4,,,,15,9,6,,,,11,5,6,,,
18/01/2026 22:00,13,9,4,4,1,3,,,,4,1,3,,,,6,4,2,,,,12,11,1,,,
18/01/2026 23:00,4,3,1,4,1,3,,,,2,1,1,,,,1,1,0,,,,2,1,1,,,
19/01/2026 00:00,0,0,0,0,0,0,,,,0,0,0,,,,0,0,0,,,,3,2,1,,,
19/01/2026 01:00,2,1,1,1,1,0,,,,0,0,0,,,,0,0,0,,,,3,2,1,,,
19/01/2026 02:00,0,0,0,0,0,0,,,,0,0,0,,,,0,0,0,,,,1,0,1,,,
19/01/2026 03:00,0,0,0,0,0,0,,,,0,0,0,,,,0,0,0,,,,0,0,0,,,
19/01/2026 04:00,2,1,1,0,0,0,,,,0,0,0,,,,2,1,1,,,,2,2,0,,,
19/01/2026 05:00,8,2,6,1,0,1,,,,1,1,0,,,,4,2,2,,,,4,1,3,,,
19/01/2026 06:00,29,15,14,13,5,8,,,,5,3,2,,,,16,8,8,,,,8,5,3,,,
19/01/2026 07:00,52,27,25,24,9,15,,,,12,2,10,,,,58,27,31,,,,26,11,15,,,
19/01/2026 08:00,69,30,39,41,18,23,,,,37,22,15,,,,101,52,49,,,,103,75,28,,,
19/01/2026 09:00,111,57,54,40,17,23,,,,22,11,11,,,,65,37,28,,,,46,19,27,,,
19/01/2026 10:00,79,43,36,26,8,18,,,,13,7,6,,,,47,22,25,,,,24,11,13,,,
19/01/2026 11:00,48,24,24,29,15,14,,,,12,7,5,,,,19,12,7,,,,25,14,11,,,
19/01/2026 12:00,67,31,36,31,22,9,,,,23,9,14,,,,38,17,21,,,,25,12,13,,,
19/01/2026 13:00,117,66,51,32,13,19,,,,28,15,13,,,,63,35,28,,,,46,22,24,,,
19/01/2026 14:00,55,23,32,19,15,4,,,,26,10,16,,,,47,30,17,,,,41,11,30,,,
19/01/2026 15:00,64,28,36,24,12,12,,,,33,14,19,,,,26,11,15,,,,70,9,61,,,
19/01/2026 16:00,58,27,31,22,12,10,,,,29,16,13,,,,66,36,30,,,,57,24,33,,,
19/01/2026 17:00,65,39,26,54,35,19,,,,18,5,13,,,,61,16,45,,,,48,24,24,,,
19/01/2026 18:00,57,29,28,60,33,27,,,,18,6,12,,,,73,40,33,,,,67,39,28,,,
19/01/2026 19:00,62,27,35,37,22,15,,,,16,5,11,,,,32,20,12,,,,30,18,12,,,
19/01/2026 20:00,72,36,36,28,14,14,,,,13,6,7,,,,33,16,17,,,,29,17,12,,,
19/01/2026 21:00,39,26,13,17,5,12,,,,4,3,1,,,,26,15,11,,,,33,22,11,,,
19/01/2026 22:00,26,15,11,8,5,3,,,,4,0,4,,,,5,5,0,,,,24,10,14,,,
19/01/2026 23:00,12,8,4,6,1,5,,,,0,0,0,,,,3,0,3,,,,2,1,1,,,
20/01/2026 00:00,1,1,0,0,0,0,,,,3,2,1,,,,5,2,3,,,,7,5,2,,,
20/01/2026 01:00,0,0,0,0,0,0,,,,0,0,0,,,,0,0,0,,,,1,1,0,,,
20/01/2026 02:00,0,0,0,0,0,0,,,,1,1,0,,,,1,1,0,,,,0,0,0,,,
20/01/2026 03:00,0,0,0,0,0,0,,,,0,0,0,,,,0,0,0,,,,0,0,0,,,
20/01/2026 04:00,2,1,1,0,0,0,,,,0,0,0,,,,2,1,1,,,,2,2,0,,,
20/01/2026 05:00,7,4,3,1,1,0,,,,1,1,0,,,,1,1,0,,,,6,2,4,,,
20/01/2026 06:00,28,13,15,16,9,7,,,,5,4,1,,,,19,11,8,,,,11,7,4,,,
20/01/2026 07:00,54,22,32,26,10,16,,,,14,6,8,,,,69,35,34,,,,33,16,17,,,
20/01/2026 08:00,50,25,25,28,13,15,,,,31,14,17,,,,76,33,43,,,,93,68,25,,,
20/01/2026 09:00,11,6,5,9,3,6,,,,17,7,10,,,,14,5,9,,,,21,11,10,,,
20/01/2026 10:00,6,5,1,4,1,3,,,,6,1,5,,,,6,1,5,,,,13,8,5,,,
20/01/2026 11:00,10,2,8,8,4,4,,,,10,4,6,,,,4,4,0,,,,14,8,6,,,
20/01/2026 12:00,55,27,28,9,8,1,,,,13,4,9,,,,38,24,14,,,,20,7,13,,,
20/01/2026 13:00,156,88,68,34,18,16,,,,30,16,14,,,,71,36,35,,,,70,39,31,,,
20/01/2026 14:00,111,52,59,25,12,13,,,,29,14,15,,,,51,27,24,,,,41,15,26,,,
20/01/2026 15:00,140,78,62,37,18,19,,,,19,8,11,,,,53,24,29,,,,62,16,46,,,
20/01/2026 16:00,94,45,49,47,31,16,,,,31,19,12,,,,81,45,36,,,,65,33,32,,,
20/01/2026 17:00,100,46,54,74,39,35,,,,23,7,16,,,,95,45,50,,,,66,26,40,,,
20/01/2026 18:00,89,55,34,58,35,23,,,,25,12,13,,,,96,48,48,,,,61,32,29,,,
20/01/2026 19:00,95,52,43,70,32,38,,,,20,10,10,,,,77,41,36,,,,56,24,32,,,
20/01/2026 20:00,55,29,26,19,7,12,,,,13,3,10,,,,32,17,15,,,,24,9,15,,,
20/01/2026 21:00,24,16,8,6,5,1,,,,4,2,2,,,,18,10,8,,,,15,6,9,,,
20/01/2026 22:00,12,9,3,5,1,4,,,,2,0,2,,,,6,2,4,,,,8,5,3,,,
20/01/2026 23:00,13,10,3,1,0,1,,,,7,3,4,,,,4,2,2,,,,11,7,4,,,
21/01/2026 00:00,0,0,0,1,1,0,,,,0,0,0,,,,0,0,0,,,,3,1,2,,,
21/01/2026 01:00,0,0,0,0,0,0,,,,0,0,0,,,,0,0,0,,,,4,4,0,,,
21/01/2026 02:00,2,2,0,0,0,0,,,,0,0,0,,,,0,0,0,,,,0,0,0,,,
21/01/2026 03:00,0,0,0,0,0,0,,,,0,0,0,,,,0,0,0,,,,0,0,0,,,
21/01/2026 04:00,2,1,1,0,0,0,,,,1,1,0,,,,2,1,1,,,,2,1,1,,,
21/01/2026 05:00,8,2,6,0,0,0,,,,1,1,0,,,,2,1,1,,,,7,4,3,,,
21/01/2026 06:00,33,17,16,19,9,10,,,,8,5,3,,,,18,11,7,,,,11,8,3,,,
21/01/2026 07:00,69,41,28,40,15,25,,,,15,4,11,,,,50,24,26,,,,29,12,17,,,
21/01/2026 08:00,68,25,43,33,14,19,,,,50,21,29,,,,99,43,56,,,,100,72,28,,,
21/01/2026 09:00,75,39,36,37,16,21,,,,26,19,7,,,,63,29,34,,,,35,16,19,,,
21/01/2026 10:00,51,31,20,20,6,14,,,,13,5,8,,,,47,25,22,,,,36,20,16,,,
21/01/2026 11:00,19,6,13,12,8,4,,,,14,7,7,,,,13,3,10,,,,11,6,5,,,
21/01/2026 12:00,14,8,6,6,2,4,,,,10,5,5,,,,5,2,3,,,,17,5,12,,,
21/01/2026 13:00,27,11,16,6,3,3,,,,17,9,8,,,,22,5,17,,,,30,11,19,,,
21/01/2026 14:00,37,16,21,6,5,1,,,,21,11,10,,,,15,9,6,,,,48,20,28,,,
21/01/2026 15:00,67,30,37,18,8,10,,,,16,5,11,,,,37,17,20,,,,61,14,47,,,
21/01/2026 16:00,33,16,17,13,7,6,,,,18,5,13,,,,26,12,14,,,,35,13,22,,,
21/01/2026 17:00,14,8,6,25,18,7,,,,2,2,0,,,,24,5,19,,,,30,12,18,,,
21/01/2026 18:00,41,27,14,36,21,15,,,,12,5,7,,,,43,26,17,,,,32,18,14,,,
21/01/2026 19:00,69,38,31,31,15,16,,,,16,8,8,,,,57,33,24,,,,30,14,16,,,
21/01/2026 20:00,56,32,24,25,12,13,,,,10,4,6,,,,37,21,16,,,,38,23,15,,,
21/01/2026 21:00,34,18,16,19,8,11,,,,7,3,4,,,,28,11,17,,,,35,13,22,,,
21/01/2026 22:00,17,11,6,5,2,3,,,,1,0,1,,,,13,6,7,,,,18,10,8,,,
21/01/2026 23:00,4,4,0,3,3,0,,,,3,2,1,,,,0,0,0,,,,8,3,5,,,
22/01/2026 00:00,0,0,0,0,0,0,,,,1,0,1,,,,1,0,1,,,,10,7,3,,,
22/01/2026 01:00,0,0,0,0,0,0,,,,0,0,0,,,,0,0,0,,,,1,0,1,,,
22/01/2026 02:00,0,0,0,0,0,0,,,,0,0,0,,,,0,0,0,,,,1,0,1,,,
22/01/2026 03:00,0,0,0,0,0,0,,,,0,0,0,,,,0,0,0,,,,0,0,0,,,
22/01/2026 04:00,3,2,1,0,0,0,,,,0,0,0,,,,2,1,1,,,,4,3,1,,,
22/01/2026 05:00,5,1,4,0,0,0,,,,1,1,0,,,,2,2,0,,,,6,1,5,,,
22/01/2026 06:00,38,17,21,12,6,6,,,,6,4,2,,,,17,11,6,,,,15,8,7,,,
22/01/2026 07:00,42,26,16,20,7,13,,,,12,5,7,,,,45,26,19,,,,14,6,8,,,
22/01/2026 08:00,27,9,18,31,8,23,,,,15,7,8,,,,53,23,30,,,,53,33,20,,,
22/01/2026 09:00,37,18,19,30,15,15,,,,19,11,8,,,,43,26,17,,,,29,12,17,,,
22/01/2026 10:00,61,30,31,18,11,7,,,,14,10,4,,,,25,13,12,,,,10,5,5,,,
22/01/2026 11:00,30,19,11,31,21,10,,,,14,10,4,,,,30,17,13,,,,20,9,11,,,
22/01/2026 12:00,32,17,15,18,11,7,,,,19,5,14,,,,27,16,11,,,,31,15,16,,,
22/01/2026 13:00,44,23,21,11,6,5,,,,10,4,6,,,,38,21,17,,,,40,13,27,,,
22/01/2026 14:00,37,19,18,18,12,6,,,,13,8,5,,,,27,16,11,,,,37,14,23,,,
22/01/2026 15:00,41,15,26,11,5,6,,,,13,4,9,,,,34,13,21,,,,29,14,15,,,
22/01/2026 16:00,57,20,37,23,7,16,,,,17,9,8,,,,39,16,23,,,,42,17,25,,,
22/01/2026 17:00,94,51,43,32,20,12,,,,30,14,16,,,,50,20,30,,,,41,15,26,,,
22/01/2026 18:00,64,39,25,37,25,12,,,,15,3,12,,,,73,31,42,,,,35,19,16,,,
22/01/2026 19:00,81,44,37,31,18,13,,,,9,5,4,,,,48,24,24,,,,23,11,12,,,
22/01/2026 20:00,56,32,24,13,4,9,,,,11,3,8,,,,38,21,17,,,,16,6,10,,,
22/01/2026 21:00,45,26,19,18,5,13,,,,6,5,1,,,,23,9,14,,,,31,11,20,,,
22/01/2026 22:00,18,8,10,7,4,3,,,,7,4,3,,,,8,5,3,,,,10,7,3,,,
22/01/2026 23:00,4,2,2,3,0,3,,,,0,0,0,,,,2,2,0,,,,4,2,2,,,
23/01/2026 00:00,0,0,0,1,1,0,,,,3,1,2,,,,1,0,1,,,,5,5,0,,,
23/01/2026 01:00,2,2,0,0,0,0,,,,0,0,0,,,,1,1,0,,,,0,0,0,,,
23/01/2026 02:00,0,0,0,0,0,0,,,,0,0,0,,,,1,1,0,,,,2,1,1,,,
23/01/2026 03:00,1,1,0,0,0,0,,,,0,0,0,,,,0,0,0,,,,1,1,0,,,
23/01/2026 04:00,2,1,1,1,1,0,,,,2,2,0,,,,3,2,1,,,,3,1,2,,,
23/01/2026 05:00,8,3,5,3,2,1,,,,2,2,0,,,,2,2,0,,,,1,0,1,,,
23/01/2026 06:00,38,22,16,9,5,4,,,,7,3,4,,,,16,8,8,,,,16,9,7,,,
23/01/2026 07:00,58,28,30,44,23,21,,,,8,1,7,,,,59,33,26,,,,26,10,16,,,
23/01/2026 08:00,96,50,46,48,25,23,,,,44,24,20,,,,106,58,48,,,,94,72,22,,,
23/01/2026 09:00,132,62,70,30,12,18,,,,32,16,16,,,,82,33,49,,,,39,15,24,,,
23/01/2026 10:00,99,53,46,31,17,14,,,,23,7,16,,,,50,30,20,,,,34,18,16,,,
23/01/2026 11:00,125,70,55,40,21,19,,,,19,11,8,,,,40,21,19,,,,31,11,20,,,
23/01/2026 12:00,115,46,69,29,10,19,,,,31,10,21,,,,41,21,20,,,,37,16,21,,,
23/01/2026 13:00,101,46,55,26,15,11,,,,26,13,13,,,,41,23,18,,,,84,27,57,,,
23/01/2026 14:00,136,70,66,36,7,29,,,,25,13,12,,,,59,29,30,,,,62,23,39,,,
23/01/2026 15:00,154,65,89,48,32,16,,,,32,11,21,,,,58,30,28,,,,46,19,27,,,
23/01/2026 16:00,113,56,57,48,30,18,,,,23,11,12,,,,128,77,51,,,,60,29,31,,,
23/01/2026 17:00,110,47,63,58,38,20,,,,30,13,17,,,,77,36,41,,,,54,27,27,,,
23/01/2026 18:00,81,49,32,41,17,24,,,,17,2,15,,,,49,20,29,,,,42,19,23,,,
23/01/2026 19:00,60,30,30,16,8,8,,,,12,3,9,,,,47,26,21,,,,36,15,21,,,
23/01/2026 20:00,57,34,23,13,5,8,,,,11,6,5,,,,30,13,17,,,,29,13,16,,,
23/01/2026 21:00,43,27,16,10,7,3,,,,12,6,6,,,,17,7,10,,,,18,10,8,,,
23/01/2026 22:00,18,9,9,4,1,3,,,,1,0,1,,,,3,2,1,,,,13,6,7,,,
23/01/2026 23:00,9,5,4,2,1,1,,,,5,2,3,,,,3,1,2,,,,4,3,1,,,
24/01/2026 00:00,0,0,0,1,1,0,,,,2,1,1,,,,2,1,1,,,,15,7,8,,,
24/01/2026 01:00,1,0,1,3,2,1,,,,1,1,0,,,,0,0,0,,,,14,12,2,,,
24/01/2026 02:00,0,0,0,0,0,0,,,,0,0,0,,,,0,0,0,,,,4,2,2,,,
24/01/2026 03:00,1,1,0,0,0,0,,,,0,0,0,,,,1,1,0,,,,0,0,0,,,
24/01/2026 04:00,1,1,0,1,0,1,,,,1,1,0,,,,1,0,1,,,,3,2,1,,,
24/01/2026 05:00,0,0,0,0,0,0,,,,0,0,0,,,,4,2,2,,,,1,1,0,,,
24/01/2026 06:00,13,2,11,2,1,1,,,,2,1,1,,,,2,1,1,,,,4,0,4,,,
24/01/2026 07:00,38,21,17,14,10,4,,,,3,2,1,,,,6,4,2,,,,9,5,4,,,
24/01/2026 08:00,90,53,37,28,14,14,,,,18,7,11,,,,35,18,17,,,,39,18,21,,,
24/01/2026 09:00,171,95,76,59,36,23,,,,27,15,12,,,,108,68,40,,,,26,11,15,,,
24/01/2026 10:00,174,80,94,115,77,38,,,,48,24,24,,,,147,91,56,,,,38,25,13,,,
24/01/2026 11:00,289,170,119,75,38,37,,,,51,27,24,,,,115,59,56,,,,50,18,32,,,
24/01/2026 12:00,279,149,130,79,40,39,,,,50,27,23,,,,87,47,40,,,,46,25,21,,,
24/01/2026 13:00,286,148,138,61,35,26,,,,38,15,23,,,,69,36,33,,,,56,32,24,,,
24/01/2026 14:00,172,66,106,47,22,25,,,,32,15,17,,,,41,22,19,,,,39,15,24,,,
24/01/2026 15:00,63,32,31,41,17,24,,,,7,3,4,,,,42,21,21,,,,16,7,9,,,
24/01/2026 16:00,78,32,46,41,23,18,,,,15,6,9,,,,27,11,16,,,,40,21,19,,,
24/01/2026 17:00,63,31,32,26,13,13,,,,11,4,7,,,,26,15,11,,,,20,10,10,,,
24/01/2026 18:00,46,24,22,13,8,5,,,,11,5,6,,,,18,7,11,,,,30,11,19,,,
24/01/2026 19:00,16,9,7,4,2,2,,,,13,6,7,,,,10,6,4,,,,14,9,5,,,
24/01/2026 20:00,4,3,1,6,4,2,,,,4,2,2,,,,6,1,5,,,,3,2,1,,,
24/01/2026 21:00,6,3,3,16,12,4,,,,2,2,0,,,,1,1,0,,,,13,7,6,,,
24/01/2026 22:00,11,7,4,1,0,1,,,,0,0,0,,,,1,0,1,,,,10,3,7,,,
24/01/2026 23:00,3,2,1,0,0,0,,,,4,2,2,,,,1,1,0,,,,2,1,1,,,
25/01/2026 00:00,0,0,0,0,0,0,,,,0,0,0,,,,1,0,1,,,,1,1,0,,,
25/01/2026 01:00,1,0,1,1,0,1,,,,0,0,0,,,,1,1,0,,,,3,2,1,,,
25/01/2026 02:00,0,0,0,0,0,0,,,,0,0,0,,,,0,0,0,,,,8,6,2,,,
25/01/2026 03:00,0,0,0,0,0,0,,,,1,0,1,,,,0,0,0,,,,0,0,0,,,
25/01/2026 04:00,1,0,1,0,0,0,,,,0,0,0,,,,0,0,0,,,,0,0,0,,,
25/01/2026 05:00,3,2,1,0,0,0,,,,0,0,0,,,,0,0,0,,,,0,0,0,,,
25/01/2026 06:00,14,5,9,1,1,0,,,,2,2,0,,,,4,2,2,,,,2,1,1,,,
25/01/2026 07:00,36,20,16,13,6,7,,,,2,2,0,,,,19,13,6,,,,3,2,1,,,
25/01/2026 08:00,94,41,53,39,21,18,,,,18,9,9,,,,50,35,15,,,,20,11,9,,,
25/01/2026 09:00,197,104,93,64,39,25,,,,39,20,19,,,,144,84,60,,,,36,13,23,,,
25/01/2026 10:00,330,160,170,121,64,57,,,,38,24,14,,,,185,108,77,,,,41,16,25,,,
25/01/2026 11:00,444,238,206,137,82,55,,,,70,38,32,,,,202,113,89,,,,73,34,39,,,
25/01/2026 12:00,487,264,223,117,74,43,,,,61,26,35,,,,183,104,79,,,,74,41,33,,,
25/01/2026 13:00,479,259,220,116,67,49,,,,76,36,40,,,,165,75,90,,,,49,27,22,,,
25/01/2026 14:00,412,201,211,103,62,41,,,,44,20,24,,,,148,80,68,,,,38,20,18,,,
25/01/2026 15:00,424,229,195,82,49,33,,,,43,19,24,,,,121,61,60,,,,55,31,24,,,
25/01/2026 16:00,289,141,148,70,34,36,,,,43,13,30,,,,106,46,60,,,,36,22,14,,,
25/01/2026 17:00,196,114,82,39,14,25,,,,18,4,14,,,,84,39,45,,,,32,14,18,,,
25/01/2026 18:00,87,50,37,34,17,17,,,,16,9,7,,,,40,18,22,,,,35,19,16,,,
25/01/2026 19:00,74,39,35,13,5,8,,,,7,3,4,,,,27,14,13,,,,28,13,15,,,
25/01/2026 20:00,57,29,28,20,9,11,,,,4,2,2,,,,32,11,21,,,,45,24,21,,,
25/01/2026 21:00,34,18,16,19,7,12,,,,8,5,3,,,,10,6,4,,,,25,12,13,,,
25/01/2026 22:00,7,5,2,6,3,3,,,,0,0,0,,,,6,2,4,,,,9,5,4,,,
25/01/2026 23:00,3,2,1,4,2,2,,,,1,0,1,,,,0,0,0,,,,6,4,2,,,
26/01/2026 00:00,0,0,0,0,0,0,,,,1,0,1,,,,0,0,0,,,,9,6,3,,,
26/01/2026 01:00,1,1,0,0,0,0,,,,0,0,0,,,,0,0,0,,,,1,1,0,,,
26/01/2026 02:00,0,0,0,0,0,0,,,,0,0,0,,,,0,0,0,,,,1,1,0,,,
26/01/2026 03:00,0,0,0,0,0,0,,,,0,0,0,,,,0,0,0,,,,0,0,0,,,
26/01/2026 04:00,2,1,1,0,0,0,,,,0,0,0,,,,0,0,0,,,,1,1,0,,,
26/01/2026 05:00,6,1,5,2,1,1,,,,4,3,1,,,,8,3,5,,,,2,0,2,,,
26/01/2026 06:00,26,11,15,11,6,5,,,,5,4,1,,,,15,10,5,,,,12,7,5,,,
26/01/2026 07:00,44,23,21,25,7,18,,,,19,4,15,,,,54,30,24,,,,28,12,16,,,
26/01/2026 08:00,47,23,24,28,14,14,,,,46,20,26,,,,53,27,26,,,,95,64,31,,,
26/01/2026 09:00,62,27,35,24,13,11,,,,21,9,12,,,,38,16,22,,,,27,15,12,,,
26/01/2026 10:00,48,20,28,18,15,3,,,,15,11,4,,,,16,4,12,,,,19,9,10,,,
26/01/2026 11:00,33,13,20,15,6,9,,,,17,7,10,,,,12,5,7,,,,14,4,10,,,
26/01/2026 12:00,34,13,21,14,5,9,,,,25,13,12,,,,24,12,12,,,,19,9,10,,,
26/01/2026 13:00,46,23,23,12,7,5,,,,10,6,4,,,,20,12,8,,,,22,10,12,,,
26/01/2026 14:00,20,10,10,7,5,2,,,,6,3,3,,,,4,1,3,,,,25,13,12,,,
26/01/2026 15:00,14,5,9,9,6,3,,,,8,6,2,,,,18,9,9,,,,36,9,27,,,
26/01/2026 16:00,11,5,6,7,3,4,,,,4,3,1,,,,15,2,13,,,,29,11,18,,,
26/01/2026 17:00,25,12,13,32,28,4,,,,8,4,4,,,,40,18,22,,,,39,13,26,,,
26/01/2026 18:00,61,40,21,83,56,27,,,,15,6,9,,,,37,16,21,,,,24,15,9,,,
26/01/2026 19:00,54,32,22,56,22,34,,,,13,5,8,,,,33,13,20,,,,24,16,8,,,
26/01/2026 20:00,22,10,12,57,5,52,,,,13,5,8,,,,15,9,6,,,,14,6,8,,,
26/01/2026 21:00,5,3,2,3,2,1,,,,3,1,2,,,,7,5,2,,,,10,3,7,,,
26/01/2026 22:00,2,2,0,1,1,0,,,,0,0,0,,,,1,0,1,,,,4,3,1,,,
26/01/2026 23:00,0,0,0,0,0,0,,,,3,1,2,,,,0,0,0,,,,1,1,0,,,
27/01/2026 00:00,0,0,0,0,0,0,,,,0,0,0,,,,0,0,0,,,,4,3,1,,,
27/01/2026 01:00,0,0,0,0,0,0,,,,0,0,0,,,,0,0,0,,,,1,1,0,,,
27/01/2026 02:00,0,0,0,0,0,0,,,,0,0,0,,,,0,0,0,,,,0,0,0,,,
27/01/2026 03:00,0,0,0,0,0,0,,,,0,0,0,,,,0,0,0,,,,0,0,0,,,
27/01/2026 04:00,2,1,1,0,0,0,,,,0,0,0,,,,0,0,0,,,,0,0,0,,,
27/01/2026 05:00,5,1,4,2,1,1,,,,1,1,0,,,,0,0,0,,,,3,1,2,,,
27/01/2026 06:00,6,3,3,2,1,1,,,,3,2,1,,,,2,1,1,,,,4,3,1,,,
27/01/2026 07:00,5,2,3,6,0,6,,,,7,1,6,,,,14,7,7,,,,18,8,10,,,
27/01/2026 08:00,15,10,5,14,3,11,,,,14,5,9,,,,19,7,12,,,,30,20,10,,,
27/01/2026 09:00,59,20,39,13,6,7,,,,21,9,12,,,,24,12,12,,,,26,13,13,,,
27/01/2026 10:00,119,63,56,39,10,29,,,,27,14,13,,,,39,25,14,,,,30,16,14,,,
27/01/2026 11:00,97,44,53,34,23,11,,,,23,7,16,,,,43,22,21,,,,25,10,15,,,
27/01/2026 12:00,145,67,78,37,18,19,,,,32,13,19,,,,56,27,29,,,,34,17,17,,,
27/01/2026 13:00,149,70,79,22,9,13,,,,37,22,15,,,,64,30,34,,,,46,12,34,,,
27/01/2026 14:00,36,22,14,16,8,8,,,,13,4,9,,,,21,8,13,,,,21,7,14,,,
27/01/2026 15:00,27,14,13,7,4,3,,,,9,2,7,,,,26,16,10,,,,39,11,28,,,
27/01/2026 16:00,24,11,13,12,9,3,,,,13,5,8,,,,31,10,21,,,,21,9,12,,,
27/01/2026 17:00,49,27,22,31,23,8,,,,10,4,6,,,,44,19,25,,,,38,19,19,,,
27/01/2026 18:00,92,54,38,63,35,28,,,,15,6,9,,,,78,42,36,,,,39,16,23,,,
27/01/2026 19:00,88,49,39,53,27,26,,,,18,11,7,,,,74,36,38,,,,44,23,21,,,
27/01/2026 20:00,66,37,29,35,18,17,,,,8,4,4,,,,32,17,15,,,,18,8,10,,,
27/01/2026 21:00,21,10,11,12,4,8,,,,6,5,1,,,,15,5,10,,,,22,10,12,,,
27/01/2026 22:00,18,11,7,4,1,3,,,,5,1,4,,,,4,3,1,,,,10,6,4,,,
27/01/2026 23:00,9,5,4,2,0,2,,,,1,0,1,,,,1,1,0,,,,1,1,0,,,
28/01/2026 00:00,0,0,0,0,0,0,,,,0,0,0,,,,2,0,2,,,,7,6,1,,,
28/01/2026 01:00,2,2,0,0,0,0,,,,0,0,0,,,,0,0,0,,,,3,1,2,,,
28/01/2026 02:00,0,0,0,0,0,0,,,,1,0,1,,,,0,0,0,,,,0,0,0,,,
28/01/2026 03:00,0,0,0,0,0,0,,,,0,0,0,,,,0,0,0,,,,3,1,2,,,
28/01/2026 04:00,2,1,1,1,1,0,,,,0,0,0,,,,2,1,1,,,,2,2,0,,,
28/01/2026 05:00,12,3,9,0,0,0,,,,1,1,0,,,,6,3,3,,,,9,4,5,,,
28/01/2026 06:00,36,17,19,12,7,5,,,,6,5,1,,,,21,11,10,,,,11,5,6,,,
28/01/2026 07:00,66,37,29,25,9,16,,,,10,1,9,,,,64,34,30,,,,34,14,20,,,
28/01/2026 08:00,85,41,44,38,18,20,,,,49,26,23,,,,92,39,53,,,,106,75,31,,,
28/01/2026 09:00,122,57,65,49,29,20,,,,29,13,16,,,,64,30,34,,,,38,18,20,,,
28/01/2026 10:00,159,73,86,41,14,27,,,,31,11,20,,,,61,35,26,,,,44,20,24,,,
28/01/2026 11:00,197,100,97,36,18,18,,,,33,16,17,,,,59,32,27,,,,29,18,11,,,
28/01/2026 12:00,234,98,136,51,25,26,,,,32,14,18,,,,81,51,30,,,,57,32,25,,,
28/01/2026 13:00,282,143,139,61,28,33,,,,39,25,14,,,,112,58,54,,,,82,25,57,,,
28/01/2026 14:00,140,70,70,39,22,17,,,,33,10,23,,,,84,45,39,,,,62,29,33,,,
28/01/2026 15:00,140,81,59,36,18,18,,,,35,12,23,,,,69,34,35,,,,89,26,63,,,
28/01/2026 16:00,109,57,52,40,25,15,,,,25,8,17,,,,72,33,39,,,,65,31,34,,,
28/01/2026 17:00,111,60,51,76,37,39,,,,21,13,8,,,,97,48,49,,,,69,26,43,,,
28/01/2026 18:00,87,53,34,68,38,30,,,,25,7,18,,,,84,43,41,,,,70,39,31,,,
28/01/2026 19:00,116,53,63,55,31,24,,,,17,10,7,,,,66,32,34,,,,52,25,27,,,
28/01/2026 20:00,96,58,38,33,14,19,,,,14,7,7,,,,42,19,23,,,,41,18,23,,,
28/01/2026 21:00,36,16,20,20,9,11,,,,1,0,1,,,,16,6,10,,,,21,9,12,,,
28/01/2026 22:00,20,13,7,4,2,2,,,,5,1,4,,,,6,2,4,,,,18,11,7,,,
28/01/2026 23:00,1,1,0,3,1,2,,,,1,0,1,,,,1,0,1,,,,3,2,1,,,
29/01/2026 00:00,0,0,0,1,0,1,,,,2,1,1,,,,0,0,0,,,,4,3,1,,,
29/01/2026 01:00,0,0,0,2,2,0,,,,0,0,0,,,,2,1,1,,,,2,2,0,,,
29/01/2026 02:00,0,0,0,0,0,0,,,,0,0,0,,,,2,1,1,,,,4,1,3,,,
29/01/2026 03:00,0,0,0,0,0,0,,,,2,1,1,,,,0,0,0,,,,0,0,0,,,
29/01/2026 04:00,3,2,1,0,0,0,,,,1,1,0,,,,3,2,1,,,,2,1,1,,,
29/01/2026 05:00,7,2,5,1,0,1,,,,2,2,0,,,,3,3,0,,,,4,2,2,,,
29/01/2026 06:00,23,13,10,13,7,6,,,,5,4,1,,,,17,8,9,,,,13,9,4,,,
29/01/2026 07:00,53,29,24,25,11,14,,,,15,3,12,,,,58,26,32,,,,28,11,17,,,
29/01/2026 08:00,91,37,54,41,16,25,,,,44,21,23,,,,73,33,40,,,,100,73,27,,,
29/01/2026 09:00,120,47,73,24,12,12,,,,36,17,19,,,,72,35,37,,,,34,14,20,,,
29/01/2026 10:00,77,36,41,29,12,17,,,,30,10,20,,,,44,21,23,,,,24,14,10,,,
29/01/2026 11:00,69,38,31,18,8,10,,,,31,12,19,,,,19,6,13,,,,29,14,15,,,
29/01/2026 12:00,56,27,29,22,14,8,,,,24,11,13,,,,25,12,13,,,,29,13,16,,,
29/01/2026 13:00,37,18,19,10,3,7,,,,22,9,13,,,,10,7,3,,,,43,18,25,,,
29/01/2026 14:00,62,31,31,19,12,7,,,,23,10,13,,,,16,11,5,,,,44,19,25,,,
29/01/2026 15:00,48,26,22,19,9,10,,,,10,8,2,,,,37,16,21,,,,67,20,47,,,
29/01/2026 16:00,39,18,21,17,10,7,,,,20,9,11,,,,28,13,15,,,,56,23,33,,,
29/01/2026 17:00,40,19,21,29,17,12,,,,11,7,4,,,,36,9,27,,,,47,20,27,,,
29/01/2026 18:00,31,17,14,29,18,11,,,,18,3,15,,,,30,18,12,,,,31,15,16,,,
29/01/2026 19:00,14,6,8,12,7,5,,,,13,6,7,,,,14,7,7,,,,23,11,12,,,
29/01/2026 20:00,11,6,5,6,2,4,,,,2,1,1,,,,4,2,2,,,,16,6,10,,,
29/01/2026 21:00,8,4,4,2,1,1,,,,1,0,1,,,,2,1,1,,,,12,4,8,,,
29/01/2026 22:00,1,0,1,4,0,4,,,,1,0,1,,,,1,1,0,,,,7,3,4,,,
29/01/2026 23:00,1,0,1,0,0,0,,,,0,0,0,,,,0,0,0,,,,2,2,0,,,
30/01/2026 00:00,0,0,0,0,0,0,,,,1,1,0,,,,0,0,0,,,,4,3,1,,,
30/01/2026 01:00,0,0,0,0,0,0,,,,0,0,0,,,,1,0,1,,,,0,0,0,,,
30/01/2026 02:00,0,0,0,0,0,0,,,,0,0,0,,,,1,1,0,,,,0,0,0,,,
30/01/2026 03:00,3,3,0,1,0,1,,,,0,0,0,,,,0,0,0,,,,2,1,1,,,
30/01/2026 04:00,2,1,1,0,0,0,,,,2,1,1,,,,2,1,1,,,,0,0,0,,,
30/01/2026 05:00,5,2,3,0,0,0,,,,1,1,0,,,,4,2,2,,,,3,1,2,,,
30/01/2026 06:00,21,10,11,7,3,4,,,,7,3,4,,,,11,7,4,,,,8,4,4,,,
30/01/2026 07:00,35,19,16,26,14,12,,,,5,2,3,,,,43,22,21,,,,20,8,12,,,
30/01/2026 08:00,70,32,38,29,13,16,,,,37,17,20,,,,67,41,26,,,,73,55,18,,,
30/01/2026 09:00,118,61,57,29,13,16,,,,18,8,10,,,,53,26,27,,,,39,20,19,,,
30/01/2026 10:00,152,79,73,43,17,26,,,,10,7,3,,,,66,38,28,,,,29,14,15,,,
30/01/2026 11:00,186,104,82,44,23,21,,,,26,9,17,,,,89,45,44,,,,39,22,17,,,
30/01/2026 12:00,150,81,69,47,24,23,,,,38,18,20,,,,69,31,38,,,,30,9,21,,,
30/01/2026 13:00,113,68,45,26,11,15,,,,23,8,15,,,,62,33,29,,,,80,24,56,,,
30/01/2026 14:00,119,48,71,28,8,20,,,,27,11,16,,,,148,39,109,,,,58,28,30,,,
30/01/2026 15:00,99,53,46,29,14,15,,,,26,11,15,,,,58,32,26,,,,38,15,23,,,
30/01/2026 16:00,108,62,46,39,19,20,,,,37,18,19,,,,78,46,32,,,,62,21,41,,,
30/01/2026 17:00,92,48,44,41,22,19,,,,20,13,7,,,,53,20,33,,,,44,23,21,,,
30/01/2026 18:00,42,18,24,28,19,9,,,,15,5,10,,,,36,13,23,,,,43,20,23,,,
30/01/2026 19:00,38,25,13,14,4,10,,,,4,3,1,,,,19,7,12,,,,21,7,14,,,
30/01/2026 20:00,12,8,4,13,8,5,,,,6,1,5,,,,6,6,0,,,,10,7,3,,,
30/01/2026 21:00,7,5,2,1,1,0,,,,3,2,1,,,,4,2,2,,,,15,7,8,,,
30/01/2026 22:00,18,13,5,2,2,0,,,,2,1,1,,,,3,2,1,,,,5,3,2,,,
30/01/2026 23:00,2,2,0,5,3,2,,,,0,0,0,,,,0,0,0,,,,9,7,2,,,
31/01/2026 00:00,0,0,0,0,0,0,,,,3,2,1,,,,0,0,0,,,,6,4,2,,,
31/01/2026 01:00,1,1,0,0,0,0,,,,0,0,0,,,,8,8,0,,,,4,1,3,,,
31/01/2026 02:00,0,0,0,0,0,0,,,,1,0,1,,,,0,0,0,,,,6,5,1,,,
31/01/2026 03:00,1,1,0,0,0,0,,,,0,0,0,,,,0,0,0,,,,2,1,1,,,
31/01/2026 04:00,1,1,0,0,0,0,,,,0,0,0,,,,0,0,0,,,,9,1,8,,,
31/01/2026 05:00,1,1,0,2,2,0,,,,0,0,0,,,,0,0,0,,,,2,2,0,,,
31/01/2026 06:00,15,7,8,7,5,2,,,,1,1,0,,,,2,1,1,,,,5,1,4,,,
31/01/2026 07:00,43,22,21,13,7,6,,,,5,3,2,,,,13,10,3,,,,4,3,1,,,
31/01/2026 08:00,96,56,40,36,22,14,,,,15,7,8,,,,50,30,20,,,,22,14,8,,,
31/01/2026 09:00,174,90,84,65,39,26,,,,41,17,24,,,,101,58,43,,,,20,7,13,,,
31/01/2026 10:00,180,97,83,105,56,49,,,,43,18,25,,,,109,73,36,,,,41,21,20,,,
31/01/2026 11:00,264,142,122,115,63,52,,,,27,12,15,,,,148,85,63,,,,54,26,28,,,
31/01/2026 12:00,282,136,146,116,77,39,,,,50,19,31,,,,115,59,56,,,,51,26,25,,,
31/01/2026 13:00,259,119,140,91,48,43,,,,33,16,17,,,,123,78,45,,,,55,22,33,,,
31/01/2026 14:00,341,167,174,87,43,44,,,,38,20,18,,,,121,71,50,,,,50,23,27,,,
31/01/2026 15:00,247,114,133,73,37,36,,,,40,13,27,,,,105,57,48,,,,44,22,22,,,
31/01/2026 16:00,265,138,127,52,23,29,,,,27,14,13,,,,104,50,54,,,,39,17,22,,,
31/01/2026 17:00,168,86,82,61,27,34,,,,29,15,14,,,,51,21,30,,,,53,26,27,,,
31/01/2026 18:00,84,39,45,31,19,12,,,,17,10,7,,,,24,13,11,,,,29,16,13,,,
31/01/2026 19:00,61,37,24,23,7,16,,,,6,2,4,,,,24,13,11,,,,26,15,11,,,
31/01/2026 20:00,70,31,39,19,8,11,,,,5,2,3,,,,19,9,10,,,,21,8,13,,,
31/01/2026 21:00,28,12,16,8,3,5,,,,4,1,3,,,,12,8,4,,,,13,6,7,,,
31/01/2026 22:00,17,9,8,10,7,3,,,,1,0,1,,,,7,3,4,,,,8,2,6,,,
31/01/2026 23:00,7,4,3,2,2,0,,,,1,0,1,,,,1,0,1,,,,9,8,1,,,
