OBJECTID,Name,Address,Phone,Email,ITM_X,ITM_Y
1,Glenageary Lawn Tennis Club,"Silchester Rd, Dún Laoghaire, Dublin",01 280 8565,secretary@glenagearyltc.ie,724758.212899999693036,727341.750800000503659
2,Meadowvale Tennis Club,"Meadow Vale, Woodpark, Dublin",01 289 7284,committee@meadowvaletennis.net,722914.877899999730289,726270.058100000023842
3,Leopardstown Tennis Club,"Stillorgan, Dublin",,joinltc@gmail.com,720468.446800000034273,726949.274000000208616
4,Carraig Lawn Tennis Club,"Rockfield Park, Blackrock, Co. Dublin",086 221 7560,carraigtcinfo@gmail.com,721574.353299999609590,728887.639000000432134
5,Shankill Tennis Club,Shanganagh Park,01 282 5400,clubhouse@shankilltennisclub.com,725933.382699999958277,721838.860200000926852
6,Blackrock Bowling and Tennis Club,"Green Rd, Blackrock, Dublin",01 288 1933,contact@blackrockbtc.ie,720831.856599999591708,729112.573499999940395
7,Newtown Park Tennis Club,Newtown Park Tennis Club,086 066 7702,newtownparktc@gmail.com,721697.053000000305474,727666.775499999523163
8,Monkstown Lawn Tennis Club,"St John's Park, Upper, Monkstown, Co. Dublin",01 284 2582,admin@monkstownltc.com,723492.215400000102818,728007.555400000885129
9,Sandycove Tennis and Squash Club,"Elton Park, Sandycove, Dublin",01 280 8769,sandycovetsc@eircom.net,725522.050400000065565,727755.668700000271201
10,LC Tennis,"LC Tennis, Enniskerry Rd, Sandyford, Dublin 18",087 648 0107,,718148.764499999582767,724828.719200000166893
11,Carrickmines Croquet & Lawn Tennis Club,"Glenamuck Road,Carrickmines, Dublin 18",01 289 1462,info@carrickmines.com,721949.983799999579787,724380.170299999415874
12,Deerpark Tennis Club,"Deer Park, Mount Merrion, Dublin",01 278 1466,info@deerparktennis.ie,718965.938099999912083,728645.170399999246001
13,Kilternan Parish Lawn Tennis Club,"Kilternan Church of Ireland, Enniskerry Rd, Dublin 18",,,720114.816999999806285,722963.582000000402331
14,Westwood Tennis Club,"West Wood Club, Leopardstown Race Course, Foxrock, Dublin 18",01 2893208,infoleopardstown@westwood.ie,720363.785000000149012,725301.883999999612570
15,Glenalbyn Tennis Club,"Glenalbyn House Stillorgan, Dublin Co. Dublin, Stillorgan",01 288 0857,info@glenalbyntennis.com,,
